Thu Oct 29 2015,8:00p ET,Atlanta Hawks,"4 Pennsylvania Plaza, New York, NY 10001, USA",40.75050450000001,-73.99343870000001
-73.99343870000001,7:30p ET,San Antonio Spurs,"4 Pennsylvania Plaza, New York, NY 10001, USA",40.75050450000001,-73.99343870000001
-73.99343870000001,7:30p ET,Milwaukee Bucks,"4 Pennsylvania Plaza, New York, NY 10001, USA",40.75050450000001,-73.99343870000001
-73.99343870000001,3:30p ET,Los Angeles Lakers,"4 Pennsylvania Plaza, New York, NY 10001, USA",40.75050450000001,-73.99343870000001
-73.99343870000001,7:30p ET,Cleveland Cavaliers,"4 Pennsylvania Plaza, New York, NY 10001, USA",40.75050450000001,-73.99343870000001
-73.99343870000001,12:00p ET,New Orleans Pelicans,"4 Pennsylvania Plaza, New York, NY 10001, USA",40.75050450000001,-73.99343870000001
Tue Nov 17 2015,7:30p ET,Charlotte Hornets,"4 Pennsylvania Plaza, New York, NY 10001, USA",40.75050450000001,-73.99343870000001
Fri Nov 27 2015,7:30p ET,Miami Heat,"4 Pennsylvania Plaza, New York, NY 10001, USA",40.75050450000001,-73.99343870000001
Sun Nov 29 2015,7:30p ET,Houston Rockets,"4 Pennsylvania Plaza, New York, NY 10001, USA",40.75050450000001,-73.99343870000001
Wed Dec 2 2015,7:30p ET,Philadelphia 76ers,"4 Pennsylvania Plaza, New York, NY 10001, USA",40.75050450000001,-73.99343870000001
Fri Dec 4 2015,7:00p ET,Brooklyn Nets,"4 Pennsylvania Plaza, New York, NY 10001, USA",40.75050450000001,-73.99343870000001
Mon Dec 7 2015,7:30p ET,Dallas Mavericks,"4 Pennsylvania Plaza, New York, NY 10001, USA",40.75050450000001,-73.99343870000001
Wed Dec 16 2015,7:30p ET,Minnesota Timberwolves,"4 Pennsylvania Plaza, New York, NY 10001, USA",40.75050450000001,-73.99343870000001
Sat Dec 19 2015,7:30p ET,Chicago Bulls,"4 Pennsylvania Plaza, New York, NY 10001, USA",40.75050450000001,-73.99343870000001
Mon Dec 21 2015,7:30p ET,Orlando Magic,"4 Pennsylvania Plaza, New York, NY 10001, USA",40.75050450000001,-73.99343870000001
Tue Dec 29 2015,7:30p ET,Detroit Pistons,"4 Pennsylvania Plaza, New York, NY 10001, USA",40.75050450000001,-73.99343870000001
Sun Jan 3 2016,3:30p ET,Atlanta Hawks,"4 Pennsylvania Plaza, New York, NY 10001, USA",40.75050450000001,-73.99343870000001
Sun Jan 10 2016,7:30p ET,Milwaukee Bucks,"4 Pennsylvania Plaza, New York, NY 10001, USA",40.75050450000001,-73.99343870000001
Tue Jan 12 2016,7:30p ET,Boston Celtics,"4 Pennsylvania Plaza, New York, NY 10001, USA",40.75050450000001,-73.99343870000001
Mon Jan 18 2016,1:00p ET,Philadelphia 76ers,"4 Pennsylvania Plaza, New York, NY 10001, USA",40.75050450000001,-73.99343870000001
Wed Jan 20 2016,7:30p ET,Utah Jazz,"4 Pennsylvania Plaza, New York, NY 10001, USA",40.75050450000001,-73.99343870000001
Fri Jan 22 2016,7:30p ET,Los Angeles Clippers,"4 Pennsylvania Plaza, New York, NY 10001, USA",40.75050450000001,-73.99343870000001
Tue Jan 26 2016,7:30p ET,Oklahoma City Thunder,"4 Pennsylvania Plaza, New York, NY 10001, USA",40.75050450000001,-73.99343870000001
Fri Jan 29 2016,7:30p ET,Phoenix Suns,"4 Pennsylvania Plaza, New York, NY 10001, USA",40.75050450000001,-73.99343870000001
Sun Jan 31 2016,7:30p ET,Golden State Warriors,"4 Pennsylvania Plaza, New York, NY 10001, USA",40.75050450000001,-73.99343870000001
Tue Feb 2 2016,7:30p ET,Boston Celtics,"4 Pennsylvania Plaza, New York, NY 10001, USA",40.75050450000001,-73.99343870000001
Fri Feb 5 2016,7:30p ET,Memphis Grizzlies,"4 Pennsylvania Plaza, New York, NY 10001, USA",40.75050450000001,-73.99343870000001
Sun Feb 7 2016,1:00p ET,Denver Nuggets,"4 Pennsylvania Plaza, New York, NY 10001, USA",40.75050450000001,-73.99343870000001
Tue Feb 9 2016,8:00p ET,Washington Wizards,"4 Pennsylvania Plaza, New York, NY 10001, USA",40.75050450000001,-73.99343870000001
Mon Feb 22 2016,7:30p ET,Toronto Raptors,"4 Pennsylvania Plaza, New York, NY 10001, USA",40.75050450000001,-73.99343870000001
Fri Feb 26 2016,7:30p ET,Orlando Magic,"4 Pennsylvania Plaza, New York, NY 10001, USA",40.75050450000001,-73.99343870000001
Sun Feb 28 2016,7:30p ET,Miami Heat,"4 Pennsylvania Plaza, New York, NY 10001, USA",40.75050450000001,-73.99343870000001
Tue Mar 1 2016,7:30p ET,Portland Trail Blazers,"4 Pennsylvania Plaza, New York, NY 10001, USA",40.75050450000001,-73.99343870000001
Sat Mar 5 2016,7:00p ET,Detroit Pistons,"4 Pennsylvania Plaza, New York, NY 10001, USA",40.75050450000001,-73.99343870000001
Sun Mar 20 2016,7:30p ET,Sacramento Kings,"4 Pennsylvania Plaza, New York, NY 10001, USA",40.75050450000001,-73.99343870000001
Thu Mar 24 2016,7:30p ET,Chicago Bulls,"4 Pennsylvania Plaza, New York, NY 10001, USA",40.75050450000001,-73.99343870000001
Sat Mar 26 2016,7:30p ET,Cleveland Cavaliers,"4 Pennsylvania Plaza, New York, NY 10001, USA",40.75050450000001,-73.99343870000001
Fri Apr 1 2016,7:30p ET,Brooklyn Nets,"4 Pennsylvania Plaza, New York, NY 10001, USA",40.75050450000001,-73.99343870000001
Sun Apr 3 2016,7:30p ET,Indiana Pacers,"4 Pennsylvania Plaza, New York, NY 10001, USA",40.75050450000001,-73.99343870000001
Wed Apr 6 2016,7:30p ET,Charlotte Hornets,"4 Pennsylvania Plaza, New York, NY 10001, USA",40.75050450000001,-73.99343870000001
Sun Apr 10 2016,7:30p ET,Toronto Raptors,"4 Pennsylvania Plaza, New York, NY 10001, USA",40.75050450000001,-73.99343870000001
